"Authors","Title","year","Source","whyNotUsed","Comments"
"E Schram, JW van der Heul, JW van de Vis, W Abbink, ...","The Benefish consortium reports on the influence of system water refreshment rates on realized feed load, weight development, fish physiology and behaviour in …",2009,NA,"not peer-reviewed",NA
"PC Naha, A Casey, T Tenuta, I Lynch, KA Dawson, ...","Preparation, characterization of NIPAM and NIPAM/BAM copolymer nanoparticles and their acute toxicity testing using an aquatic test battery",2009,"Aquatic toxicology","not fish",NA
"S Skybakmoen, SI Siikavuopio, BS Sæther","Coldwater RAS in an Arctic charr farm in Northern Norway",2009,"Aquacultural engineering","not focus","mentioned SGR but did not provide any details in methods or results"
"G Guerao, G Rotllant","Survival and growth of post-settlement juveniles of the spider crab Maja brachydactyla (Brachyura: Majoidea) reared under individual culture system",2009,"Aquaculture","not fish",NA
"GM Figueiredo, DJS Montagnes, RDM Nash","The importance of protozooplankton as prey for copepods in the coastal areas of the central Irish Sea",2009,"Hydrobiologia","not fish",NA
"MM Harlioglu","A comparison of the growth and survival of two freshwater crayfish species, Astacus leptodactylus Eschscholtz and Pacifastacus leniusculus (Dana), under different …",2009,"Aquaculture international","not fish",NA
"ML Cortesi, A Panebianco, A Giuffrida, ...","Innovations in seafood preservation and storage",2009,"Veterinary research …","not fish",NA
"R Melberg, R Davidrajuh","Modeling Atlantic salmon fish farming industry",2009,"2009 IEEE International Conference …","not peer-reviewed","conference proceedings"
"HA Cristóbal, A Schmidt, E Kothe, J Breccia, ...","Characterization of inducible cold-active ß-glucosidases from the psychrotolerant bacterium Shewanella sp. G5 isolated from a sub-Antarctic ecosystem",2009,"Enzyme and microbial …","not fish",NA
"<U+BC15><U+C5F0><U+AE30>, <U+BC30><U+CCA0><U+D55C>, <U+AE40><U+BCD1><U+C11D>, <U+C774><U+C81C><U+BD09>, <U+C720><U+C544><U+C120>, <U+D64D><U+C21C><U+C131>, ...","Butachlor <U+C758> <U+C218><U+C11C><U+C0DD><U+BB3C><U+C5D0> <U+B300><U+D55C> <U+C704><U+D574><U+C131><U+D3C9><U+AC00>",2009,"<U+B18D><U+C57D><U+ACFC><U+D559><U+D68C><U+C9C0>","no access",NA
"Q Lin, J Lin, D Zhang, Y Wang","Weaning of juvenile seahorses Hippocampus erectus Perry, 1810 from live to frozen food",2009,"Aquaculture","not fish",NA
"M Levstek, I Plazl","Influence of carrier type on nitrification in the moving-bed biofilm process",2009,"Water science and technology","not fish",NA
"MR Landry, MD Ohman, R Goericke, MR Stukel, ...","Lagrangian studies of phytoplankton growth and grazing relationships in a coastal upwelling ecosystem off Southern California",2009,"Progress in …","not fish",NA
"I Seo, DS An, DS Lee","Development of convenient software for online shelf-life decisions for Korean prepared side dishes based on microbial spoilage",2009,"Food Science and Biotechnology","not fish",NA
"S Ruan","On nonlinear dynamics of predator-prey models with discrete delay",2009,"Mathematical Modelling of Natural Phenomena","not fish","different use of SGR than what we are interested in"
"C Jones, S Shanks","Requirements for the aquaculture of Panulirus ornatus in Australia",2009,"spiny lobster aquaculture in the …","not fish",NA
"P Buzzini, M Goretti, E Branda, ...","Basidiomycetous yeasts for production of carotenoids",2009,"… , bioseparation, and cell …","not fish",NA
"S Ding, F Wang, H Sun, S Dong","Effects of salinity fluctuation frequency on the growth, molting rate and hemolymph 20-hydroxyecdysone concentration in Juvenile Chinese shrimp, Fenneropenaeus …",2009,"Journal of Ocean University of China","not fish",NA
"OA Sogbesan, ZA Aderolu, MW Panya","Performances of Dutch Clarifies Juvenile Stocked at Different Densities in Out-door Happas",2009,"World Rural Observations","no SGR eqn",NA
"MK FRØYSTAD-SAUGEN, E Lilleeng, ...","Distal intestinal gene expression in Atlantic salmon (Salmo salar L.) fed genetically modified maize",2009,"Aquaculture …","not focus","only one mention of SGR, not focus of paper"
"P Casale, AD Mazaris, D Freggi, ...","Growth rates and age at adult size of loggerhead sea turtles (Caretta caretta) in the Mediterranean Sea, estimated through capture-mark-recapture records",2009,"Scientia …","not fish",NA
"VS Avila-Foucat, C Perrings, D Raffaelli","An ecological–economic model for catchment management: the case of Tonameca, Oaxaca, México",2009,"Ecological Economics","not fish",NA
"M Agnolucci, I Vigentini, G Capurso, A Merico, ...","Genetic diversity and physiological traits of Brettanomyces bruxellensis strains isolated from Tuscan Sangiovese wines",2009,"International journal of …","not fish",NA
"I Jubany, J Lafuente, JA Baeza, J Carrera","Total and stable washout of nitrite oxidizing bacteria from a nitrifying continuous activated sludge system using automatic control based on oxygen uptake rate …",2009,"Water Research","no SGR","does not appear to use SGR"
"T Kamiyama, T Suzuki","Production of dinophysistoxin-1 and pectenotoxin-2 by a culture of Dinophysis acuminata (Dinophyceae)",2009,"Harmful Algae","not fish",NA
"MA Del Nobile, N Di Benedetto, N Suriano, A Conte, ...","Combined effects of chitosan and MAP to improve the microbial quality of amaranth homemade fresh pasta",2009,"Food …","not fish",NA
"J Gamboa-Delgado, L Le Vay","Natural stable isotopes as indicators of the relative contribution of soy protein and fish meal to tissue growth in Pacific white shrimp (Litopenaeus vannamei) fed …",2009,"Aquaculture","not fish",NA
"J Niu, LX Tian, YJ Liu, KS Mai, HJ Yang, ...","Nutrient values of dietary ascorbic acid (l-ascorbyl-2-polyphosphate) on growth, survival and stress tolerance of larval shrimp, Litopenaeus vannamei",2009,"Aquaculture …","not fish",NA
"M Ahmed","The use of microfilter recovered palm oil mill effluent (POME) sludge as fish feed ingredient",2009,NA,"not peer-reviewed","MSc thesis, not peer-reviewed"
"Z Tao, Z Ping, Z Long-Zhen, W Bin, ...","Effects of initial feeding on the growth, survival, and body biochemical composition of Siberian sturgeon (Acipenser baerii) larvae.",2009,"Yingyong Shengtai …","no access",NA
"<U+5F3A><U+4FCA>, <U+738B><U+8F89>, <U+674E><U+745E><U+4F1F>, <U+5F6D><U+4FCA>","<U+4F4E><U+805A><U+6728><U+7CD6><U+5BF9><U+5965><U+5C3C><U+7F57><U+975E><U+9C7C><U+5E7C><U+9C7C><U+751F><U+957F>, <U+4F53><U+6210><U+5206><U+548C><U+6D88><U+5316><U+9176><U+6D3B><U+529B><U+7684><U+5F71><U+54CD>",2009,"<U+6DE1><U+6C34><U+6F01><U+696D>","no access",NA
"K Issarapayup, S Powtongsook, P Pavasant","Flat panel airlift photobioreactors for cultivation of vegetative cells of microalga Haematococcus pluvialis",2009,"Journal of biotechnology","not fish",NA
"E Fountoulaki, A Vasilaki, R Hurtado, K Grigorakis, ...","Fish oil substitution by vegetable oils in commercial diets for gilthead sea bream (Sparus aurata L.); effects on growth performance, flesh quality and fillet fatty acid …",2009,"Aquaculture","not focus","mentions SGR but can't find where it is used"
"RK Upadhyay, N Kumari, V Rai","Wave of chaos in a diffusive system: generating realistic patterns of patchiness in plankton–fish dynamics",2009,"Chaos, Solitons & Fractals","not fish","mentions SGR but only in a modeling context"
"SB Chakraborty, S Banerjee","Culture of monosex Nile tilapia under different traditional and non-traditional methods in India",2009,"World Journal of Fish and Marine …","no SGR eqn","SGR a focus, but no eqn provided"
"DL Mast","Oxygenation system for fish farming installations",2009,"US Patent 7,631,615","not peer-reviewed","a patent, not peer-reviewed"
"G Hodaifa, ME Martínez, S Sánchez","Influence of pH on the culture of Scenedesmus obliquus in olive-mill wastewater",2009,"Biotechnology and Bioprocess …","not fish",NA
"Z He, J Kan, Y Wang, Y Huang, ...","Electricity production coupled to ammonium in a microbial fuel cell",2009,"… science & technology","not fish",NA
"JR Vazquez-Padin, MJ Pozo, M Jarpa, ...","Treatment of anaerobic sludge digester effluents by the CANON process in an air pulsing SBR",2009,"Journal of Hazardous …","not fish",NA
"C Wang, W Lei, SQ Xie, XM Zhu, YX Yang, ...","Effect of dietary replacement of fishmeal protein by soybean meal protein on growth performance, metabolism and immunity of gibel carp (Carassius auratus gibelio).",2009,"Acta Hydrobiologica …","not English",NA
"Y Tal, HJ Schreier, KR Sowers, JD Stubblefield, ...","Environmentally sustainable land-based marine aquaculture",2009,"Aquaculture","not focus","SGR not mentioned in both methods and results"
"V Jasson, A Rajkovic, J Debevere, M Uyttendaele","Kinetics of resuscitation and growth of L. monocytogenes as a tool to select appropriate enrichment conditions as a prior step to rapid detection methods",2009,"Food microbiology","not fish",NA
"SS Kim, KJ Lee","Dietary protein requirement of juvenile tiger puffer (Takifugu rubripes)",2009,"Aquaculture","not focus","mentions SGR in methods, but no mention in results"
"O Mejlholm, P Dalgaard","Development and validation of an extensive growth and growth boundary model for Listeria monocytogenes in lightly preserved and ready-to-eat shrimp",2009,"Journal of food protection","not fish",NA
"XU Yun, MA Shen","Effects of Different Diets on the Growth and Bioenergetics of Swiimming Crab Portunus Trituberculatus",2009,"Periodical of Ocean University of China","not fish",NA
"D Mendiola, Y Yamashita, M Matsuyama, ...","Estimation of the daily food intake and gross growth efficiency of chub mackerel (Scomber japonicus) larvae under various temperatures",2009,"Aquaculture …","not English",NA
"MM Harliolu","A comparison of the growth and survival of two freshwater crayfish species, Astacus leptodactylus Eschscholtz and Pacifastacus leniusculus (Dana), under different …",2009,"Aquaculture International","not fish",NA
"YS Kim, AK Biswas, SC Ji, ASK Yong, ...","Dietary soybean meal utilization with phytase supplementation for hybrid F1, red sea bream (<U+2640>)× black sea bream (<U+2642>)",2009,"Aquaculture …","not English",NA
"O Vadstein","10. Interactions in the planktonic food web",2009,"Ecosystem Barents Sea","not fish","related to modeling, not growth of fish"
"E Marañón, J Steele, A Thorpe, ...","Phytoplankton size structure",2009,"Elements of physical …","not fish",NA
"MA Del Nobile, MR Corbo, B Speranza, ...","Combined effect of MAP and active compounds on fresh blue fish burger",2009,"International Journal of …","not fish",NA
"<U+51AF><U+5E7F><U+670B>, <U+5E84><U+5E73>, <U+7AE0><U+9F99><U+73CD>, <U+77F3><U+5C0F><U+6D9B>, <U+4FAF><U+4FCA><U+5229>, <U+5F20><U+6D9B>","<U+4EBA><U+5DE5><U+517B><U+6B96><U+4E2D><U+534E><U+9C9F><U+5E7C><U+9C7C><U+6444><U+98DF><U+4E0D><U+540C><U+9975><U+6599><U+7684><U+8F6C><U+5316><U+6548><U+7387><U+4E0E><U+751F><U+957F><U+7279><U+6027>",2009,"<U+751F><U+6001><U+5B66><U+6742><U+5FD7>","not English",NA
"RK Upadhyay, N Kumari, V Rai","Exploring dynamical complexity in diffusion driven predator–prey systems: Effect of toxin producing phytoplankton and spatial heterogeneities",2009,"Chaos, Solitons & Fractals","not fish",NA
"ZHLCW Junxia, Z Yajuan","Effects of dietary fat on the energy budget and growth of Eriocheir sinensis [J]",2009,"Hebei Fisheries","not English",NA
"J Lartigue, ELE Jester, RW Dickey, TA Villareal","Nitrogen source effects on the growth and toxicity of two strains of the ciguatera-causing dinoflagellate Gambierdiscus toxicus",2009,"Harmful Algae","not fish",NA
"WR Wolters, FT Barrows, GS Burr, RW Hardy","Growth parameters of wild and selected strains of Atlantic salmon, Salmo salar, on two experimental diets",2009,"Aquaculture","no SGR eqn","SGR was prominent but no specific equation, units, whether weight was used etc."
"M Pell, A Wörman","Biological wastewater treatment systems",2009,"Ecosystem Ecology","not fish",NA
"WR McClain, RP Romaire","Contribution of different food supplements to growth and production of red swamp crayfish",2009,"Aquaculture","not fish",NA
"D Gál, É Kerepeczki, T Kosáros, ...","The waste nutrients reutilisation capacity of combined pond aquaculture systems",2009,"Analele Universitatii din …","not peer-reviewed","not clear it is peer-reviewed"
"MG Kontominas","Packaging and the shelf life of milk",2009,"Food Packaging and Shelf Life","not fish",NA
"H Hai, D Inoue, N Momotani, N Yu, ...","Characterization of novel 4-n-butylphenol-degrading Pseudomonas veronii strains isolated from rhizosphere of giant duckweed, Spirodela polyrrhiza",2009,"… Journal of Water …","not fish",NA
"D Deslauriers, K Rideout","Effects of poultry oil as a replacement to fish oil in Atlantic salmon (Salmo salar) diets.",2009,"… Proceedings of the contributed papers of …","not peer-reviewed","conference paper, likely not peer-reviewed"
"SL Cox, M Davis","An evaluation of potential diets for the culture of postpueruli spiny lobsters Panulirus argus (Palinuridae)",2009,"Aquaculture nutrition","not fish",NA
"NA Pawar, JK Jena, PC Das, DD Bhatnagar","Influence of duration of aeration on growth and survival of carp fingerlings during high density seed rearing",2009,"Aquaculture","no SGR eqn","SGR mentioned in methods and in Table 2, but no equation is provided"
"M Mastromatteo, A Danza, A Conte, G Muratore, ...","Shelf life of ready to use peeled shrimps as affected by thymol essential oil and modified atmosphere packaging",2010,"International journal of …","not fish",NA
"NT Narejo, BA Dars, ...","Preparation of low-cost fish feed for the culture of Labeo rohita (hamilton) in glass aquaria",2010,"Sindh University Research …","not peer-reviewed","not clear that it is peer-reviewed"
"N Krakat, S Schmidt, P Scherer","Mesophilic fermentation of renewable biomass: does hydraulic retention time regulate methanogen diversity?",2010,"Appl. Environ. Microbiol.","not fish",NA
"MM Kamal, MSR Khan, SM Galib, ...","Comparison of Plankton Communities among Freshwater Prawn Post Larvae Rearing Ponds",2010,"… Journal of Bio …","not fish",NA
"R Karimi, NS Fisher, CL Folt","Multielement stoichiometry in aquatic invertebrates: when growth dilution matters",2010,"The American Naturalist","not fish",NA
"F Maps, S Plourde, B Zakardjian","Control of dormancy by lipid metabolism in Calanus finmarchicus: a population model test",2010,"Marine Ecology Progress Series","not fish",NA
"KH Halsey, AJ Milligan, MJ Behrenfeld","Physiological optimization underlies growth rate-independent chlorophyll-specific gross and net primary production",2010,"Photosynthesis Research","not fish",NA
"R Czerniawski, J Domagala, M Pilecka-Rapacz","Wstepne wyniki wplywu podchowu wylegu troci (Salmo trutta m. trutta L. 1758) na zywym zooplanktonie na przezywalnoœc i wzrost w warunkach naturalnych …",2010,"Nauk. PZW","not English",NA
"XD Hao, QL Wang, JY Zhu, ...","Microbiological endogenous processes in biological wastewater treatment systems",2010,"Critical Reviews in …","not focus","different use of SGR then what we are interested in"
"JW Sweetman, S Torrecillas, A Dimitroglou, ...","Enhancing the natural defences and barrier protection of aquaculture species",2010,"Aquaculture …","not focus","mentions SGR, but not focus of paper"
"K Kyaw, S Koshio, M Ishikawa, S Yokoyama, ...","Effects of different levels of dietary mussel phospholipids on the performances of Juvenile Kuruma Shrimp Marsupenaeus japonicus Bate",2010,"Aquaculture …","not fish",NA
"H Mai, R Fotedar, J Fewtrell","Evaluation of Sargassum sp. as a nutrient-sink in an integrated seaweed-prawn (ISP) culture system",2010,"Aquaculture","not fish",NA
"MAK Teichert, E Kvingedal, T Forseth, ...","Effects of discharge and local density on the growth of juvenile Atlantic salmon Salmo salar",2010,"Journal of Fish …","used mass-specific SGR",NA
"S Vizzini, A Tomasello, GD Maida, M Pirrotta, ...","Effect of explosive shallow hydrothermal vents on d13C and growth performance in the seagrass Posidonia oceanica",2010,"Journal of …","not fish",NA
"T Policar, J Smyth, M Flanigan, P Kozák, ...","Optimum water temperature for intensive production of Austropotamobius pallipes (Lereboullet) juveniles",2010,"Freshwater …","not fish",NA
"WS Lee, P Monaghan, NB Metcalfe","The trade-off between growth rate and locomotor performance varies with perceived time until breeding",2010,"Journal of Experimental …","no SGR","does not appear to mention SGR"
"Y Li, J Li, C Wang, P Wang","Growth kinetics and phenol biodegradation of psychrotrophic Pseudomonas putida LY1",2010,"Bioresource Technology","not fish",NA
"XAG Morán, A Calvo-Díaz, HW Ducklow","Total and phytoplankton mediated bottom-up control of bacterioplankton change with temperature in NE Atlantic shelf waters",2010,"Aquatic Microbial Ecology","not fish",NA
"G Ifrim, M Barbu, M Titica, L Boillereaux, ...","Control of the microalgae photosynthetic growth in a torus photobioreactor",2010,"Annals of The University …","not fish",NA
"I Fitriliyani","Evaluation of the nutritional value of Leucaena leucophala leaf meal hydrolyzed by sheep rumen liquor enzyme extract on the growth performance of Nile tilapia …",2010,"Jurnal Akuakultur Indonesia","not English",NA
"M Kumlu, OT Eroldogan, O Yilmaz","Growth of Over-wintered and Pre-seasonally Produced Post-larvae of Penaeus semisulcatus in the Subtropics",2010,NA,"not fish",NA
"C Zheng-cui, X Zhong, Y Xian-shi, G Quan-you, ...","Microbial growth kinetics model of spoilage organisms and shelf life prediction for Scophthalmus maximus",2010,"Marine …","not fish",NA
"Z Huang, PB Gedalanga, ...","Distribution of nitrobacter and nitrospira communities in an aerobic activated sludge bioreactor and their contributions to nitrite oxidation",2010,"… of the Water …","not fish",NA
"M Abdo de la Parra, LE Rodríguez-Ibarra, ...","Efecto de diferentes niveles de proteína y lípidos totales en la dieta sobre el crecimiento y supervivencia de juveniles de pargo lunarejo Lutjanus guttatus",2010,"Revista de biología …","not English",NA
"K Korsu, A Huusko","Are environmental conditions in Finnish streams limiting to early life-history survival in the nonnative rainbow trout?",2010,"Fisheries Science","no SGR","only mentioned that ""logarithmic specific growth rate could not be calculated because growth was negative in winter"""
"<U+9648><U+9A8B>, <U+718A><U+6676>, <U+5DE6><U+6C38><U+677E>, <U+9A6C><U+5E78><U+5BB9>, <U+5218><U+8FC1>, <U+8C2D><U+9752><U+677E>, <U+6768><U+745E><U+658C>","<U+9972><U+6599><U+4E2D><U+4E0D><U+540C><U+7EF4><U+751F><U+7D20> E <U+6DFB><U+52A0><U+91CF><U+5BF9><U+9EC4><U+98A1><U+9C7C><U+5E7C><U+9C7C><U+751F><U+957F><U+6027><U+80FD><U+53CA><U+514D><U+75AB><U+529F><U+80FD><U+7684><U+5F71><U+54CD>",2010,"<U+4E2D><U+570B><U+6C34><U+7522><U+79D1><U+5B78>","no access",NA
"E Bethke, M Bernreuther","A simple approach for the estimation of food consumption from growth rates at different environmental conditions and its application to juvenile cod (Gadus morhua L.) …",2010,"Informationen aus der …","no SGR","no SGR mentioned"
"ES Wharfe, CL Winder, RM Jarvis, ...","Monitoring the effects of chiral pharmaceuticals on aquatic microorganisms by metabolic fingerprinting",2010,"Appl. Environ …","not fish",NA
"DL Roelke, JP Grover, BW Brooks, ...","A decade of fish-killing Prymnesium parvum blooms in Texas: roles of inflow and salinity",2010,"Journal of Plankton …","not fish",NA
"RJS McCairns, L Bernatchez","Adaptive divergence between freshwater and marine sticklebacks: insights into the role of phenotypic plasticity from an integrated analysis of candidate gene …",2010,"Evolution: International Journal …","not focus","SGR mentioned in methods, but not elsewhere"
"CQ Jiang, XJ Leng, XQ Li, Y Fan, SY Shi, ...","Effects of different proportion of rapeseed meal and cottonseed meal on growth performance, plasma biochemical indicators and gossypol residues of carp (Carassius …",2010,"Journal of Fisheries of …","no access",NA
"MB Olson, EJ Lessard","The influence of the Pseudo-nitzschia toxin, domoic acid, on microzooplankton grazing and growth: A field and laboratory assessment",2010,"Harmful Algae","not fish",NA
"Y Tao, X Zhang, DWT Au, X Mao, K Yuan","The effects of sub-lethal UV-C irradiation on growth and cell integrity of cyanobacteria and green algae",2010,"Chemosphere","not fish",NA
"GA Ataguba, PA Annune, FG Ogbe","Growth performance of two African catfishes Clarias gariepinus and Heterobranchus longifilis and their hybrids in plastic aquaria",2010,"Livestock Research for …","no SGR eqn","SGR major component of paper, but no equation was given"
"DN Long, LM Lan, PC Oanh, BCT Dan, R Yamada, ...","Effects on fish yield and environmental quality of biogas digestion and supplemental fish feed in integrated pig–fish production in Tan Phu Thanh, Can Tho",2010,"Viet Nam: JIRCAS workshop …","not peer-reviewed","not obviously peer-reviewed"
"G Cunrong, G Qingquan, F Xijuan","Effects of Zn-peptides complexes on growth performance and serum biochemical indexes [J]",2010,"China Feed","no access",NA
"AC Hogan, RA van Dam, MA Houston, ...","Uranium Exposure to the Tropical Duckweed Lemna aequinoctialis and Pulmonate Snail Amerianna cumingi: Fate and Toxicity",2010,"Archives of …","not fish",NA
"Z Wang, C Yan, RV Hyne","Effects of dietary cadmium exposure on reproduction of saltwater cladoceran Moina monogolica Daday: Implications in water quality criteria",2010,"Environmental toxicology and …","not fish",NA
"W Phromkunthong, N Nuntapong, ...","Interaction of phytase RONOZYME? P (L) and citric acid on the utilization of phosphorus by common carp (Cyprinus carpio)",2010,"… Journal of Science and …","no SGR eqn","SGR major component of paper, but no equation was given"
"T Iftikhar, M Niaz, MA Zia","Production of extracellular lipases by Rhizopus oligosporus in a stirred fermentor",2010,"Brazilian Journal of Microbiology","not fish",NA
"LJ Ren, XJ Ji, H Huang, L Qu, Y Feng, QQ Tong, ...","Development of a stepwise aeration control strategy for efficient docosahexaenoic acid production by Schizochytrium sp.",2010,"Applied microbiology …","not fish",NA
"MD Rennie, CF Purchase, BJ Shuter, ...","Prey life-history and bioenergetic responses across a predation gradient",2010,"Journal of fish …","no SGR","uses a mass-specific growth rate in the context of a modeling exercise"
"LA Agbabiaka","Evaluation of Some Under-Utilized Protein Feedstuffs in Diets of Clarias Gariepinus (Burchell, 1822) Fingerlings",2010,"International Journal of Tropical Agriculture and Food …","no access",NA
"V Chaturvedi, A Kumar","Toxicity of sodium dodecyl sulfate in fishes and animals. A review",2010,"Int J Appl Biol Pharm Technol","no SGR","review paper, does not use SGR, not clear that it is peer-reviewed"
"EK Hall, GA Singer, MJ Kainz, JT Lennon","Evidence for a temperature acclimation mechanism in bacteria: an empirical test of a membrane-mediated trade-off",2010,"Functional Ecology","no SGR",NA
"L Jun, C Aijing, H Xianqin","Effects of polysaccharides compound on the growth performance in Carassius auratus L.[J]",2010,"China Feed","not English",NA
"P Jopia, N Ruiz-Tagle, M Villagrán, K Sossa, S Pantoja, ...","Biofilm growth kinetics of a monomethylamine producing Alphaproteobacteria strain isolated from an anaerobic reactor",2010,"Anaerobe","not fish",NA
"AO Sotolu","Effects of varying dietary protein levels on the breeding performance of Clarias gariepinus broodstocks and fry growth rate",2010,"Blood","no SGR eqn","no eqn given; journal says that it is peer-reviewed"
"P Domenici","Fish locomotion: an eco-ethological perspective",2010,NA,"no access",NA
"EB Sydney, W Sturm, JC de Carvalho, ...","Potential carbon dioxide fixation by industrially important microalgae",2010,"Bioresource …","not fish",NA
"S Jiang, B Wang, M Liu, K Jiang, ...","Effects of recombinant antimicrobial peptides on growth and immunity in tilapia(GIFT)",2011,"Journal of …","no access",NA
"AJ Green, CLW Jones, PJ Britz","Effect of dietary lipid level on growth and feed utilization in cultured South African abalone Haliotis midae L. fed diets with a constant protein-to-energy ratio",2011,"Aquaculture Research","not fish",NA
"RY Odin, RB Bolivar","Masculinization of the Nile Tilapia (Oreochromis niloticus) using Lyophilized Testes from Caraboa (Bubalus bubalis carabanensis L.)",2011,"Bull","not peer-reviewed","appears to be a conference proceedings"
"BR Beckman","Perspectives on concordant and discordant relations between insulin-like growth factor 1 (IGF1) and growth in fishes",2011,"General and Comparative Endocrinology","no SGR","this is a review paper ... it defined SGR but it did not actually calculate any"
"MM Zhang, H Wen, M Jiang, F Wu, W Liu, ...","Effects of dietary rapeseed meal levels on growth, liver tissue structure and some nonspecific immunity indices of juvenile GIFT tilapia (Oreochromis niloticus).",2011,"Journal of Fisheries of …","no access",NA
"HM Agouz, W Anwer","Effect of Biogen® and Myco-Ad® on the growth performance of common Carp (Cyprinus carpid) fed a mycotoxin contaminated aquafeed",2011,"Journal of Fisheries and Aquatic …","no SGR eqn","Gave a reference (Pouomonge & Mbonglang 1993) for the SGR eqn but not the actual eqn"
"M Faramarzi, H Jafaryan, A Farahi, ...","The effects on growth and survival of probiotic Bacillus spp. fed to Persian sturgeon (Acipencer persicus) larvae.",2011,"… Journal of the …","no access",NA
"Q Ma, SF Liu, ZM Zhuang, ZZ Sun, CL Liu, ...","Molecular cloning, expression analysis of insulin-like growth factor I (IGF-I) gene and IGF-I serum concentration in female and male Tongue sole (Cynoglossus …",2011,"… and Physiology Part B …","no SGR","one mention of SGR but no obvious methods or results"
"W SHANG, G ZHU, R CHEN, Y SUN, Q QIAN, ...","Effects of acidifiers on the growth performance and non-specific immunity of Ctenopharyngodon idellus",2011,"Freshwater …","no access",NA
"S Guzel, H Yazlak, K Gullu, E Ozturk","The effect of feed made from fish processing waste silage on the growth of rainbow trout (Oncorhynchus mykiss)",2011,"African Journal of Biotechnology","no SGR eqn","Gave a reference for the SGR and other calculations (Halver (1989) and Hepher (1990)), but not the actual eqn"
"JY Seo, SM Lee","Optimum dietary protein and lipid levels for growth of juvenile sea cucumber Apostichopus japonicus",2011,"Aquaculture Nutrition","not fish",NA
"Z Luo, XD Li, WM Wang, XY Tan, X Liu","Partial replacement of fish meal by a mixture of soybean meal and rapeseed meal in practical diets for juvenile Chinese mitten crab Eriocheir sinensis: effects on growth …",2011,"Aquaculture Research","not fish",NA
"W Changan, X Qiyou, X Hong, B Yulong, ...","Effects of feed on growth performances and nutrients component of Hucho taimen [J]",2011,"Journal of …","no access",NA
"N Chaitanawisuti, C Choeychom, ...","Effect of dietary supplementation of brewers yeast and nucleotide singularly on growth, survival and vibriosis resistance on juveniles of the gastropod spotted babylon …",2011,"Aquaculture …","not fish",NA
"E Chase, VJ Harwood","Comparison of the effects of environmental parameters on growth rates of Vibrio vulnificus biotypes I, II, and III by culture and quantitative PCR analysis",2011,"Appl. Environ. Microbiol.","not fish",NA
"AK Sinha, V Kumar, HPS Makkar, G De Boeck, ...","Non-starch polysaccharides and their role in fish nutrition–A review",2011,"Food Chemistry","no SGR","review paper, only one mention of SGR"
"H Jafaryan, MM Taati, ...","The enhancement of growth parameters in common carp (Cyprinus carpio) larvae using probiotic in rearing tanks and feeding by various Artemia nauplii",2011,"… Aquarium, Conservation & …","no access",NA
"MA Toyub, MZ Uddin, MI Miah, ...","Growth Performance and Nutritional Analysis of Spirulina platensis in Different Concentrations of Papaya Skin Powder Media",2011,"Bangladesh Journal of …","not fish",NA
"SE Belova, M Baani, NE Suzina, ...","Acetate utilization as a survival strategy of peat-inhabiting Methylocystis spp.",2011,"Environmental …","not fish",NA
"I Uriarte, J Iglesias, P Domingues, ...","Current status and bottle neck of octopod aquaculture: the case of American species",2011,"Journal of the world …","not fish",NA
"JL Wang, XM Zhu, W Lei, D Han, YX Yang, ...","Dietary vitamin B6 requirement of juvenile gibel carp, Carassius auratus gibelio.",2011,"Acta Hydrobiologica …","no access",NA
"S Rohde, PJ Schupp","Growth and regeneration of the elephant ear sponge Ianthella basta (Porifera)",2011,"Ancient Animals, New Challenges","not fish",NA
"A Bruhn, J Dahl, HB Nielsen, L Nikolaisen, ...","Bioenergy potential of Ulva lactuca: biomass yield, methane production and combustion",2011,"Bioresource …","not fish",NA
"<U+062D><U+0628><U+06CC><U+0628> <U+0627><U+0644><U+0647> <U+0645><U+062D><U+0645><U+062F><U+06CC>, <U+0646><U+0627><U+0635><U+0631> <U+0622><U+0642>, <U+0627><U+0645><U+06CC><U+0631> <U+062A><U+0648> <U+06A9><U+0645><U+0647> <U+0686><U+06CC>, ...","Effects of using Lactobacillus rhamnosus probiotic and Nigella sativa (black seed) on the growth parameters of Rainbow trout (Oncorhynchus mykiss)",2011,"<U+0632><U+06CC><U+0633><U+062A> <U+0634><U+0646><U+0627><U+0633><U+06CC> …, 2011<U+200E>","not English",NA
"AV Skriptsova, NV Miroshnikova","Laboratory experiment to determine the potential of two macroalgae from the Russian Far-East as biofilters for integrated multi-trophic aquaculture (IMTA)",2011,"Bioresource technology","not fish",NA
"S Papanikolaou, G Aggelis","Lipids of oleaginous yeasts. Part II: technology and potential applications",2011,"European journal of lipid science …","not fish",NA
"ZHFJN Yi, PANYZ Hualin","Evaluation of Soybean Meal as a Substitute for Fish Meal in Practical Diets for Juvenile Genetic Improrement of Fanned Tilapia [J]",2011,"Chinese Journal of Animal Nutrition","no access",NA
"TA Pankratov, AO Ivanova, SN Dedysh, ...","Bacterial populations and environmental factors controlling cellulose degradation in an acidic Sphagnum peat",2011,"Environmental …","not fish",NA
"M Hussain, SM Hussain, M Afzal, A Javid, ...","Effect of low level of mineral phosphorus and medium level of nitrogen on planktonic productivity and increase in fish production",2011,"J. Anim. Plant …","no SGR","Just mentioned SGR for another study in the discussion"
"H Makkar, K Becker","Detoxification of Jatropha curcas meal for feeding to farm animal species and fish",2011,"US Patent App. 13/201,118","not peer-reviewed","a patent"
"CE Copatti, LO Garcia, D Kochhann, MA Cunha, ...","Low water hardness and pH affect growth and survival of silver catfish juveniles",2011,"Ciência Rural","no SGR eqn",NA
"<U+66F9><U+4FCA><U+660E>, <U+4E25><U+6676>, <U+9EC4><U+71D5><U+534E>, <U+738B><U+56FD><U+971E>, <U+5F20><U+8363><U+658C>, <U+9648><U+6653><U+745B>…","<U+5BB6><U+8747><U+86C6><U+7C89><U+66FF><U+4EE3><U+9C7C><U+7C89><U+5BF9><U+51E1><U+7EB3><U+6EE8><U+5BF9><U+867E><U+751F><U+957F>, <U+6297><U+6C27><U+5316><U+548C><U+514D><U+75AB><U+6307><U+6807><U+7684><U+5F71><U+54CD>",2012,NA,"not English",NA
"C Seenivasan, PS Bhavan, S Radhakrishnan…","Effects of probiotics on survival, growth and biochemical constituents of freshwater prawn Macrobrachium rosenbergii post larvae",2012,"Turkish Journal of …","not fish",NA
"X LI, S ZHANG, F YANG, Z SUN","Effects of Replacement of Fish Meal with Maggot Meal on Growth Performance of Loach (Misgurnus anguillicaudatus)[J]",2012,"Hubei Agricultural Sciences","not English",NA
"K Zhou, M Gui, P Li, S Xing, T Cui…","Effect of combined function of temperature and water activity on the growth of Vibrio harveyi",2012,"Brazilian Journal of …","not fish",NA
"G Immanuel, M Sivagnanavelmurugan…","Sodium alginate from Sargassum wightii retards mortalities in Penaeus monodon postlarvae challenged with white spot syndrome virus",2012,"Diseases of aquatic …","not fish",NA
"X Sihua, H Xueming, Z Zhanying","Effect of dietary lysozyme levels on growth and anti-infection ability of Ctenopharyngodon idellus",2012,"Journal of Huazhong Agricultural …","no access",NA
"YQ Tu, D Han, XM Zhu, YX YANG","Effects of dietary protein and lipid levels on growth, feed utilization and body composition of Cyprinus longipectoralis",2012,"Acta Hydrobiologica Sinica","not English",NA
"J Zheng, W Zhao, N Guo, F Lin, J Tian, L Wu…","Development of an industrial medium and a novel fed-batch strategy for high-level expression of recombinant ß-mananase by Pichia pastoris",2012,"Bioresource …","not fish",NA
"NK Vidyarathna, E Granéli","Influence of temperature on growth, toxicity and carbohydrate production of a Japanese Ostreopsis ovata strain, a toxic-bloom-forming dinoflagellate",2012,"Aquatic Microbial Ecology","not fish",NA
"<U+6D82><U+6C38><U+82B9>, <U+97E9><U+51AC>, <U+6731><U+6653><U+9E23>, <U+6768><U+4E91><U+971E>, <U+89E3><U+7EF6><U+542F>","<U+9972><U+6599><U+4E2D><U+4E0D><U+540C><U+86CB><U+767D>, <U+8102><U+80AA><U+6C34><U+5E73><U+5BF9><U+6625><U+9CA4><U+751F><U+957F>, <U+9972><U+6599><U+5229><U+7528><U+548C><U+4F53><U+6210><U+5206><U+7684><U+5F71><U+54CD>",2012,NA,"not English",NA
"D Sarma, J Das, A Dutta","Effect of certain feeds on growth and survival of Ompok pabo (Hamilton-Buchanan) hatchlings in captive condition",2012,"International Journal of Scientific and …","not fish",NA
"W Gao, B Tan, K Mai, S Chi, H Liu, X Dong, Q Yang","Profiling of differentially expressed genes in hepatopancreas of white shrimp (Litopenaeus vannamei) exposed to long-term low salinity stress",2012,"Aquaculture","not fish",NA
"MA Zaki, EM Labib, AM Nour, HD Tonsy…","Effect some medicinal plants diets on mono sex Nile tilapia (Oreochromis niloticus), growth performance, feed utilization and physiological parameters",2012,"APCBEE Procedia","no SGR eqn",NA
"L Coroller, D Kan-King-Yu, I Leguerinel, P Mafart…","Modelling of growth, growth/no-growth interface and nonthermal inactivation areas of Listeria in foods",2012,"International journal of …","not fish",NA
"X Wu, G Smith, M Hall","Patterns of larval growth, lipid composition and fatty acid deposition during early to mid stages of development in Panulirus ornatus phyllosoma",2012,"Aquaculture","not fish",NA
"SM Sogard, JE Merz, WH Satterthwaite…","Contrasts in Habitat Characteristics and Life History Patterns of Oncorhynchus mykiss in California's Central Coast and Central Valley",2012,"Transactions of the …","no SGR eqn",NA
"H Yang, QQ Xu, YR Le","Effects of Dietary Protein Level on Growth Performance, Body Composition, Hematological Indexes and Hepatic Non-Specific Immune Indexes of Juvenile Nile Tilapia …",2012,"Chinese Journal of Animal Nutrition","not English",NA
"M LIU, Z PENG, F ZHANG, H LUO, R FU…","Effects of salinity on feeding, growth and muscular biochemical composition in striped knifejaw Oplegnathus fasciatus [J]",2012,"Journal of Dalian …","not English",NA
"Y Wu, Y Zeng, JY Qu, WX Wang","Mercury effects on Thalassiosira weissflogii: Applications of two-photon excitation chlorophyll fluorescence lifetime imaging and flow cytometry",2012,"Aquatic toxicology","not fish",NA
"F Arrighetti, V Teso, T Brey, A Mackensen…","Age and growth of Olivancillaria deshayesiana (Gastropoda: Olividae) in the southwestern Atlantic Ocean",2012,"Malacologia","not fish",NA
"M Ikhwanuddin, AD Talpur, MN Azra…","Effects of stocking density on the survival, growth and development rate of early stages blue swimming crab, Portunus pelagicus (Linnaeus, 1758) larvae",2012,"World Applied …","not fish",NA
"JG Vieira, AG da Silva Manetti…","Uptake of phosphorus from dairy wastewater by heterotrophic cultures of cyanobacteria",2012,"… and Water Treatment","not fish",NA
"A Riazi, H Ziar","Effect of honey and starter culture on growth, acidification, sensory properties and bifidobacteria cell counts in fermented skimmed milk",2012,"African Journal of Microbiology Research","not fish",NA
"R Shapawi, TE Ting, S Al-Azad","Inclusion of purple non sulfur bacterial biomass in formulated feed to promote growth, feed conversion ratio and survival of asian Seabass Lates calcarifer …",2012,"Journal of Fisheries and Aquatic …","no SGR eqn",NA
"FH Chang, EC Marquis, CW Chang, GC Gong…","Scaling of growth rate and mortality with size and its consequence on size spectra of natural microphytoplankton assemblages in the East China Sea",2013,"…","not fish",NA
"Z Yanti, ZA Muchlisin","Pertumbuhan dan kelangsungan hidup benih ikan nila (Oreochromis niloticus) pada beberapa konsentrasi tepung daun jaloh (Salix tetrasperma) dalam pakan",2013,"DEPIK Jurnal Ilmu-Ilmu Perairan, Pesisir dan …","not English",NA
"G Delincé","The ecology of the fish pond ecosystem: with special reference to Africa",2013,NA,"not peer-reviewed",NA
"C Zhang","Determination of the digestibility of a whole-cell DHA-rich algal product and its effect on the lipid composition of rainbow trout and Atlantic salmon",2013,NA,"not peer-reviewed",NA
"MP Salini, A Akhila Thomas, A Jasmine","Alteration in the microbial load at certain non-specific immune sites of Macrobrachium rosenbergii supplemented with Centella asiatica",2013,"The Bioscan","not fish",NA
"S Soda, Y Kawahata, Y Takai, D Mishima, M Fujita…","Kinetics of nutrient removal and biomass production by duckweed Wolffia arrhiza in continuous-flow mesocosms",2013,"Ecological …","not fish",NA
"L Hannah, CM Pearce, SF Cross","Growth and survival of California sea cucumbers (Parastichopus californicus) cultivated with sablefish (Anoplopoma fimbria) at an integrated multi-trophic aquaculture …",2013,"Aquaculture","not fish",NA
"SR Grant, PK Bienfang, EA Laws","Steady-state bioassay approach applied to phosphorus-limited continuous cultures: A growth study of the marine chlorophyte Dunaliella salina",2013,"Limnology and …","not fish",NA
"MA Peck, P Reglero, M Takahashi, IA Catalán","Life cycle ecophysiology of small pelagic fish and climate-driven changes in populations",2013,"Progress in Oceanography","review paper",NA
"BO Omitoyin, EK Ajani, HO Sadiq","Preliminary investigation of Tribulus terrestris (Linn., 1753) extracts as natural sex reversal agent in Oreochromis niloticus (Linn., 1758) larvae",2013,"International Journal of …","no SGR eqn",NA
"SMA Santos, AM Dinis, DMF Rodrigues, F Peixoto…","Studies on the toxicity of an aqueous suspension of C60 nanoparticles using a bacterium (gen. Bacillus) and an aquatic plant (Lemna gibba) as in vitro model systems",2013,"Aquatic toxicology","not fish",NA
"GL Wei, GC Xu, RB Gu, P Xu","Effects of diets on growth, serum biochemical indices and lipid metabolism in Coilia nasus",2013,"Ying yong sheng tai xue bao= The …","not English",NA
"C Boglione, E Gisbert, P Gavaia…","Skeletal anomalies in reared E uropean fish larvae and juveniles. Part 2: main typologies, occurrences and causative factors",2013,"Reviews in …","no SGR",NA
"S Dheke, RS Gubhaju","Growth response of rainbow trout (Oncorhynchus mykiss) on substitution of shrimp meal by different protein sources",2013,"Nepalese J. Zool.","no access",NA
"O Seppälä, A Karvonen, M Kuosa, M Haataja, J Jokela","Are sick individuals weak competitors? Competitive ability of snails parasitized by a gigantism-inducing trematode",2013,"PloS one","not fish",NA
"A Kanokrung, R Watanadilok, V Muthuwan…","Effects of dietary protein, lipid and astaxanthin levels on growth and carotenoid accumulation in anemone fish, Amphiprion ocellaris",2013,"Journal of Science …","not peer-reviewed","Gave SGR equation as relative growth rate with log transform (i.e., denominator was weight, not time)"
"Z Yang, CD Lowe, W Crowther, A Fenton, PC Watts…","Strain-specific functional and numerical responses are required to evaluate impacts on predator–prey dynamics",2013,"The ISME …","no SGR",NA
"J WAN, B LIU, X GE, J XIE, S CUI…","Effects of dietary vitamin C on growth performance, hematology and muscle physiochemical indexes of juvenile Wuchang bream (Megalobrama amblycephala)",2013,"Journal of Shanghai …","not English",NA
"PS Larsen, K Lundgreen…","Bioenergetic model predictions of actual growth and allometric transitions during ontogeny of juvenile blue mussels Mytilus edulis",2013,"Mussels: Ecology, Life …","not fish",NA
"MA Genc, B Ebeoglu","The effects of different salinity and supplemented mannan oligosaccharides (MOS) on growth of Litopenaeus varmamei (Penaeus: Decapoda)",2013,"J. Anim. Veterin. Adv","not fish",NA
"N Sheikhzadeh","Influence of dietary vegetable crops on rainbow trout (Oncorhynchus mykiss) immune system and growth performance",2013,"Acta Scientiae Veterinariae","not peer-reviewed",NA
"PS Bhavan, C Saranya, N Manickam…","Effects of Piper longum, Piper nigram and Zingiber officinale on survival, growth, activities of digestive enzymes and contents of total protein, vitamins and …",2013,"Elixir …","no SGR eqn",NA
"K Van Hoecke, KAC De Schamphelaere, Z Ali…","Ecotoxicity and uptake of polymer coated gold nanoparticles",2013,"…","not fish",NA
"IB Allaman, RV Reis Neto, RTF Freitas…","Weight and morphometric growth of different strains of tilapia (Oreochromis sp)",2013,"Revista Brasileira de …","no SGR eqn",NA
"F Lafarga-De la Cruz, G Núñez-Acuña…","Hybridization between Haliotis rufescens and Haliotis discus hannai: evaluation of fertilization, larval development, growth and thermal tolerance",2013,"Aquaculture …","not fish",NA
"M Song, H Pei, W Hu, G Ma","Evaluation of the potential of 10 microalgal strains for biodiesel production",2013,"Bioresource technology","not fish",NA
"QC Zhou, YL Wang, HL Wang, BP Tan","Dietary threonine requirements of juvenile Pacific white shrimp, Litopenaeus vannamei",2013,"Aquaculture","not fish",NA
"K Overturf, FT Barrows, RW Hardy","Effect and interaction of rainbow trout strain (Oncorhynchus mykiss) and diet type on growth and nutrient retention",2013,"Aquaculture Research","no SGR eqn",NA
"E Rodrigues, M Feijó-Oliveira, GS Vani…","Interaction of warm acclimation, low salinity, and trophic fluoride on plasmatic constituents of the Antarctic fish Notothenia rossii Richardson, 1844",2013,"Fish physiology and …","no SGR eqn",NA
"AJM Dörr, MC Abete, M Prearo, N Pacini…","Effects of selenium supplemented diets on growth and condition indexes in juvenile red swamp crayfish, Procambarus clarkii",2013,"Environmental …","not fish",NA
"M Hidayah, AB Abol-Munafi, S Shahreza…","The effects of triploidy towards growth performance, survival rate, gender ratio and sex differentiation on banana shrimp, Penaeus merguiensis(De Man, 1888) …",2013,"… Appl. Sci. J","not fish",NA
"L Wang, Y Li, M Sommerfeld, Q Hu","A flexible culture process for production of the green microalga Scenedesmus dimorphus rich in protein, carbohydrate or lipid",2013,"Bioresource Technology","not fish",NA
"HW Kim, SH Huh, SN Kwak","Growth and Production of Aulichthys japonicus in an Eelgrass (Zostera marina) Bed of Dongdae Bay, Korea",2013,"Journal of the Korean Society of …","no SGR",NA
"X Liu, Y Zhou, H Yang, S Ru","Eelgrass detritus as a food source for the sea cucumber Apostichopus japonicus Selenka (Echinidermata: Holothuroidea) in coastal waters of north China: an …",2013,"PLoS One","not fish",NA
"M Henríquez, E González, SH Marshall, V Henríquez…","A novel liquid medium for the efficient growth of the salmonid pathogen Piscirickettsia salmonis and optimization of culture conditions",2013,"PloS one","not fish",NA
"XH Liu, CX Ye, LM Zheng, CC Ou…","Effect of dietary dextrin levels on growth, activities of digestive enzyme and blood biochemical indices of juvenile obscure puffer (Takifugu obscurus).",2013,"Journal of Fisheries of …","not English",NA
"P Boelen, R van Dijk, JSS Damsté, WIC Rijpstra…","On the potential application of polar and temperate marine microalgae for EPA and DHA production",2013,"AMB …","not fish",NA
"ZY Cheng, KS Mai, QH Ai, Y Li, ZG He","Effects of dietary pregelatinized corn starch on growth, apparent digestibility, and digestive enzyme activity of large yellow croaker fingerlings (Pseudosciaena crocea).",2013,"Israeli Journal of …","no access",NA
"BJ Lee","Effects of dietary level of indispensable amino acids and feeding strategies on growth and biochemical responses in Atlantic salmon Salmo salar L.",2013,NA,"not peer-reviewed",NA
"PSS Anand, MPS Kohli, SD Roy, JK Sundaray…","Effect of dietary supplementation of periphyton on growth performance and digestive enzyme activities in Penaeus monodon",2013,"Aquaculture","not fish",NA
"HZ You, ZJ Sun, Q Zhang, Z ZHANG","Effects of salinity on feeding, growth and body composition in juvenile leopard coraltrout Plectropomus leopardus",2013,"Journal of Dalian Ocean …","not English",NA
"IA Tattam, JR Ruzycki, HW Li…","Body Size and Growth Rate Influence Emigration Timing of Oncorhynchus mykiss",2013,"Transactions of the …","no SGR eqn",NA
"HT Mateos, PA Lewandowski…","The growth performance of Jade Tiger cultured abalone fed diets supplemented with fish oil and vegetable oils",2013,"… of the Science of Food and …","not fish",NA
"P Karthikeyan, K Manimaran, P Sampathkumar…","Growth and nutrient removal properties of the diatoms, Chaetoceros curvisetus and C. simplex under different nitrogen sources",2013,"Applied Water …","not fish",NA
"E Kim, S Yoo, HY Ro, HJ Han, YW Baek…","Aquatic toxicity assessment of phosphate compounds",2013,"… health and toxicology","not fish",NA
"MC Jang, K Shin, B Hyun, T Lee…","Temperature-regulated egg production rate, and seasonal and interannual variations in Paracalanus parvus",2013,"Journal of plankton …","not fish",NA
"C Liu, K Mai, W Zhang, Q Chen, Y Leng","Studies on the nutrition of two species of catfish, Silurus meridionalis Chen and S. asotus Linnaeus. I. Effects of dietary protein and lipid on growth performance and …",2013,"Aquaculture","no SGR",NA
"JC Park, ON Kwon, SE Hong, HC An…","Changes in the growth and biochemical composition of Nannochloropsis sp. cultures using light-emitting diodes",2013,"Korean Journal of …","not English",NA
"P Sae-Lim, A Kause, HA Mulder…","Genotype-by-environment interaction of growth traits in rainbow trout (Oncorhynchus mykiss): A continental scale study",2013,"Journal of animal …","no SGR",NA
"HA Hill, JT Trushenski…","Utilization of soluble canola protein concentrate as an attractant enhances production performance of sunshine bass fed reduced fish meal, plant-based diets",2013,"Journal of the World …","no SGR eqn",NA
"CA Leeseberg, ER Keeley","Prey size, prey abundance, and temperature as correlates of growth in stream populations of cutthroat trout",2014,"Environmental biology of fishes","no SGR",NA
"FJ Gatesoupe, C Huelvan, N Le Bayon, A Sévère…","The effects of dietary carbohydrate sources and forms on metabolic response and intestinal microbiota in sea bass juveniles, Dicentrarchus labrax",2014,"Aquaculture","no SGR eqn",NA
"RS Gour, A Kant, RS Chauhan","Screening of micro algae for Growth and lipid accumulation properties",2014,"J Algal Biomass Util","not fish",NA
"SI Uye","The Giant Jellyfish Nemopilema nomurai in East Asian Marginal Seas",2014,"Jellyfish blooms","not fish",NA
"GS Telli, MJT Ranzani-Paiva, D de Carla Dias…","Dietary administration of Bacillus subtilis on hematology and non-specific immunity of Nile tilapia Oreochromis niloticus raised at different stocking densities",2014,"Fish & shellfish …","no SGR eqn",NA
"RK Mohanty, A Mishra, DU Patil","Water budgeting in black tiger shrimp Penaeus monodon culture using different water and feed management systems",2014,"Turkish Journal of Fisheries and …","not fish",NA
"S Park, PK Kim, JK Jeon","Effect of ammonia concentration in rearing water on growth and blood components of the parrotfish Oplegnathus fasciatus",2014,"Korean Journal of Fisheries and …","not English",NA
"HM Sang, NT Kien, NT Thanh Thuy","Effects of dietary mannan oligosaccharide on growth, survival, physiological, immunological and gut morphological conditions of black tiger prawn (Penaeus monodon …",2014,"Aquaculture nutrition","not fish",NA
"LO Brito, LAV Arana, RB Soares, W Severi…","Water quality, phytoplankton composition and growth of Litopenaeus vannamei (Boone) in an integrated biofloc system with Gracilariabirdiae (Greville) and …",2014,"Aquaculture …","not fish",NA
"AC Krist, AD Kay, K Larkin, M Neiman","Response to phosphorus limitation varies among lake populations of the freshwater snail Potamopyrgus antipodarum",2014,"PloS one","not fish",NA
"M Ali","… attractants (Spirulina and ekangi) on growth performance, feed utilization and body composition of fingerlings of stinging cat fish, Heteropneustes fossilis (Bloch …",2014,NA,"not peer-reviewed",NA
"EFSA Panel on Additives and Products or …","Scientific Opinion on the safety and efficacy of synthetic astaxanthin as feed additive for salmon and trout, other fish, ornamental fish, crustaceans and ornamental …",2014,"EFSA …","no SGR eqn",NA
"BKY Kwan, AKY Chan, SG Cheung…","Hemolymph quality as indicator of health status in juvenile Chinese horseshoe crab Tachypleus tridentatus (Xiphosura) under laboratory culture",2014,"Journal of experimental …","not fish",NA
"Y Gong, H Hu","Effect of silicate and inorganic carbon availability on the growth and competition of a diatom and two red tide dinoflagellates",2014,"Phycologia","not fish",NA
"X Yi, F Zhang, W Xu, J Li, W Zhang, K Mai","Effects of dietary lipid content on growth, body composition and pigmentation of large yellow croaker Larimichthys croceus",2014,"Aquaculture","no SGR",NA
"F Yan, X Tian, S Dong, Z Fang, G Yang","Growth performance, immune response, and disease resistance against Vibrio splendidus infection in juvenile sea cucumber Apostichopus japonicus fed a …",2014,"Aquaculture","not fish",NA
"V Ríos, I Moreno, AI Prieto, ME Soria-Díaz…","Comparison of Microcystis aeruginosa (PCC7820 and PCC7806) growth and intracellular microcystins content determined by liquid chromatography–mass …",2014,"Journal of water and …","not fish",NA
"ML Brosnahan, S Farzan, BA Keafer, HM Sosik…","Complexities of bloom dynamics in the toxic dinoflagellate Alexandrium fundyense revealed through DNA measurements by imaging flow cytometry coupled with …",2014,"Deep Sea Research …","not fish",NA
"JD Midwood, MH Larsen, M Boel, N Jepsen…","Does cortisol manipulation influence outmigration behaviour, survival and growth of sea trout? A field test of carryover effects in wild fish",2014,"Marine Ecology …","no SGR eqn",NA
"YW Cui, JR Ding, SY Ji, YZ Peng","Start-up of halophilic nitrogen removal via nitrite from hypersaline wastewater by estuarine sediments in sequencing batch reactor",2014,"International Journal of Environmental …","no SGR eqn",NA
"T Adarme-Vega, S Thomas-Hall, D Lim, P Schenk","Effects of long chain fatty acid synthesis and associated gene expression in microalga Tetraselmis sp.",2014,"Marine drugs","not fish",NA
"JM Hood, RW Sterner","Carbon and phosphorus linkages in Daphnia growth are determined by growth rate, not species or diet",2014,"Functional ecology","not fish",NA
"SV Sanaye, HS Dhaker, RM Tibile…","Effect of Green Water and Mixed Zooplankton on Growth and Survival in Neon Tetra, Paracheirodon innesi (Myers, 1936) during Larval and Early Fry Rearing",2014,"World Academy of Science …","no SGR eqn",NA
"CR Main, C Doll, C Bianco, DI Greenfield, KJ Coyne","Effects of growth phase, diel cycle and macronutrient stress on the quantification of Heterosigma akashiwo using qPCR and SHA",2014,"Harmful algae","not fish",NA
"BC Harvey, SF Railsback","Feeding modes in stream salmonid population models: is drift feeding the whole story?",2014,"Environmental biology of fishes","no SGR eqn",NA
"A Jatobá, BC da Silva, JS da Silva…","Protein levels for Litopenaeus vannamei in semi-intensive and biofloc systems",2014,"Aquaculture","not fish",NA
"S Ferosekhan, S Gupta, AR Singh…","RNA-loaded chitosan nanoparticles for enhanced growth, immunostimulation and disease resistance in fish",2014,"Current …","no SGR eqn",NA
"H Liu, J Li, D Zhu, Y Wang, Y Zhao…","Preparation of Soy Protein Isolate (SPI)-Pectin Complex Film Containing Cinnamon Oil and Its Effects on Microbial Growth of Dehydrated Soybean Curd (Dry Tofu)",2014,"Journal of food …","not fish",NA
"S Azman, MIM Said, F Ahmad, M Mohamad","Biofiltration potential of macroalgae for ammonium removal in outdoor tank shrimp wastewater recirculation system",2014,"biomass and bioenergy","not fish",NA
"F López-Uriostegui, JT Ponce-Palafox…","Effect of Stocking Density on Growth and Survival of the Prawn Macrobrachium tenellum Cultured in a Cage-Pond System",2014,"… American Journal of …","not fish",NA
"A Malik, H Kalhoro, SA Shah…","… different stocking densities on growth, production and survival rate of pangas (Pangasius hypophthalmus) fish in cemented tanks at fish hatchery Chilya Thatta …",2014,"International Journal of …","no SGR eqn",NA
"RK Mohanty, A Mishra, DK Panda…","Effects of water exchange protocols on water quality, sedimentation rate and production performance of Penaeus monodon in earthen ponds",2015,"Aquaculture …","not fish",NA
"LK Dammannagoda, A Pavasovic…","Effects of soluble dietary cellulose on specific growth rate, survival and digestive enzyme activities in three freshwater crayfish (Cherax) species",2015,"Aquaculture …","not fish",NA
"XL Huang, MH Xia, HL Wang, M Jin…","Dietary thiamin could improve growth performance, feed utilization and non-specific immune response for juvenile Pacific white shrimp (Litopenaeus vannamei)",2015,"Aquaculture …","not fish",NA
"L Sundt-Hansen, J Huisman, H Skoglund…","Farmed Atlantic salmon Salmo salar L. parr may reduce early survival of wild fish",2015,"Journal of Fish …","not focus","did not use SGR"
"MR Haque, MA Islam, MM Rahman…","Effects of C/N ratio and periphyton substrates on pond ecology and production performance in giant freshwater prawn M acrobrachium rosenbergii (De Man, 1879) …",2015,"Aquaculture …","not fish",NA
"P Julian, B Gu","Mercury accumulation in largemouth bass (Micropterus salmoides Lacépède) within marsh ecosystems of the Florida Everglades, USA",2015,"Ecotoxicology","not focus","did not use SGR"
"SH Morita, K Morita, T Hamatsu, M Chimura…","Differential effects of the environment on the growth of arabesque greenling (Pleurogrammus azonus): does rising temperature benefit young but not old fish?",2015,"Environmental biology of …","no SGR","Mention SGR in methods, but do not report in results because stated SGR was highly correlated with scaled mass index"
"S Schultz, AM Koussoroplis…","Fish oil–based finishing diets strongly increase long-chain polyunsaturated fatty acid concentrations in farm-raised common carp (Cyprinus carpio L.)",2015,"Aquaculture …","no SGR eqn",NA
"Z Chu, K Wang, X Li, M Zhu, L Yang, J Zhang","Microbial characterization of aggregates within a one-stage nitritation–anammox system using high-throughput amplicon sequencing",2015,"Chemical Engineering …","not fish",NA
"YS Al-Hafedh, A Alam…","Bioremediation potential, growth and biomass yield of the green seaweed, Ulva lactuca in an integrated marine aquaculture system at the Red Sea coast of Saudi …",2015,"Reviews in Aquaculture","not fish",NA
"F Lartaud, G Galli, A Raza, C Priori…","Growth patterns in long-lived coral species",2015,"Marine Animal Forests …","not fish",NA
"G Tran, V Heuzé, HPS Makkar","Insects in fish diets",2015,"Animal frontiers","review paper",NA
"LP Colman, ARC Patrício, A McGowan, AJB Santos…","Long-term growth and survival dynamics of green turtles (Chelonia mydas) at an isolated tropical archipelago in Brazil",2015,"Marine biology","not fish",NA
"SR Paudel, O Choi, SK Khanal, K Chandran…","Effects of temperature on nitrous oxide (N2O) emission from intensive aquaculture system",2015,"Science of the Total …","no SGR eqn",NA
"Y Kobayashi, CD Webster, KR Thompson…","Effects on growth, survival, body composition, processing traits and water quality when feeding a diet without vitamin and mineral supplements to Australian red claw …",2015,"Aquaculture …","not fish",NA
"AE Serrano Jr, RB Santizo…","Potential use of the sea lettuce Ulva lactuca replacing soybean meal in the diet of the black tiger shrimp Penaeus monodon juvenile",2015,"Aquaculture, Aquarium …","not fish",NA
"R Shi, G Li, L Zhou, J Liu, Y Tan","The increasing aluminum content affects the growth, cellular chlorophyll a and oxidation stress of cyanobacteria Synechococcus sp. WH7803",2015,"… and Hydrobiological Studies","not fish",NA
"C Tomás, J Pinedo, AM Larrán, L Gómez-Raya…","COMPENSATOTY GROWTH of high density rearing AFTER relocation at low density IN Rainbow Trout (Oncorhynchus mykiss)",2015,"Aquaculture …","presentation abstract",NA
"IJ Griffin","Catch-up growth: basic mechanisms",2015,"Low-Birthweight Baby: Born Too Soon or Too Small","not fish",NA
"SSK Madage, WUD Medis…","Fish silage as replacement of fishmeal in red tilapia feeds",2015,"Journal of Applied …","no access",NA
"E Imamoglu, Z Demirel, M Conk Dalay","Process optimization and modeling for the cultivation of Nannochloropsis sp. and Tetraselmis striata via response surface methodology",2015,"Journal of phycology","not fish",NA
"AA Balqadi, AJ Salama, MSA Mudarris…","Effect of a probiotic product, promarine on growth responses of Indian white prawn, Penaeus (Fenneropenaeus) Indicus",2015,"Aquaculture Studies","not fish",NA
"Y Liu, T Chen, S Song, C Li","Effects of nitrogenous nutrition on growth and nitrogen assimilation enzymes of dinoflagellate Akashiwo sanguinea",2015,"Harmful algae","not fish",NA
"Y Bai, L Zhang, S Liu, X Ru, L Xing, X Cao, T Zhang…","The effect of salinity on the growth, energy budget and physiological performance of green, white and purple color morphs of sea cucumber, Apostichopus …",2015,"Aquaculture","not fish",NA
"A Mateen, I Ahmed","Androgen sex reversal, subsequent growth and meat quality of Nile tilapia (Oreochromis niloticus)",2015,"Pakistan Journal of Agricultural Sciences","no SGR eqn",NA
"S Saufie, A Estim, M Tamin, A Harun, S Obong…","Growth performance of tomato plant and genetically improved farmed tilapia in combined aquaponic systems",2015,"Asian Journal of …","not fish",NA
"NE Saleh, MM Toutou","Effects of replacing soybean meal with jojoba meal in sea bream (Sparus aurata) diets on fish performance",2015,"American Journal of Life Sciences","not fish",NA
"N Horemans, M Van Hees, E Saenen…","Influence of nutrient medium composition on uranium toxicity and choice of the most sensitive growth related endpoint in Lemna minor",2016,"Journal of environmental …","not fish",NA
"J Velisek, A Stara, E Zuskova","Effect of single and combination of three triazine metabolites at environmental concentrations on early life stages of common carp (Cyprinus carpio L.)",2016,"Environmental Science and Pollution …","no SGR eqn",NA
"EPY Chow, KH Liong…","The Effect of Dietary Carotenoids of Different Forms: Microemulsified and Non-microemulsified on the Growth Performance, Pigmentation and Hematological …",2016,"J Aquac Res …","no SGR eqn",NA
"MN Azra, M Ikhwanuddin","A review of maturation diets for mud crab genus Scylla broodstock: present research, problems and future perspective",2016,"Saudi Journal of Biological Sciences","not fish",NA
"AL Gonçalves, JCM Pires, M Simoes","The effects of light and temperature on microalgal growth and nutrient removal: an experimental and mathematical approach",2016,"RSC Advances","not fish",NA
"YD Li, SG Jiang, JH Huang, ZH Ma…","Growth and survival variations of Penaeus monodon from six breeding families",2016,"International Journal of …","not fish",NA
"N Asma, ZA Muchlisin, I Hasri","Pertumbuhan dan kelangsungan hidup benih ikan peres (Osteochilus vittatus) pada ransum harian yang berbeda",2016,"Jurnal Ilmiah Mahasiswa Kelautan …","not English",NA
"C Yang, G Song, Q Zhu, S Liu, C Xia","The influence of bacterial quorum-sensing inhibitors against the formation of the diatom-biofilm",2016,"Chemistry and Ecology","not fish",NA
"GK Kafle, L Chen","Comparison on batch anaerobic digestion of five different livestock manures and prediction of biochemical methane potential (BMP) using different statistical …",2016,"Waste management","not fish",NA
"F Schreiber, S Littmann, G Lavik, S Escrig…","Phenotypic heterogeneity driven by nutrient limitation promotes growth in fluctuating environments",2016,"Nature …","not fish",NA
"JT Wang, T Han, XY Li, SX Hu, YD Jiang…","Effects of dietary phosphatidylcholine (PC) levels on the growth, molt performance and fatty acid composition of juvenile swimming crab, Portunus …",2016,"Animal Feed Science and …","not fish",NA
"L Yuan, M Li, Y Zhang, Z Tao, R Wang","The protective effects of dietary zinc on dietary copper toxicity in large yellow croaker Larimichthys croceus",2016,"Aquaculture","no SGR",NA
"T Muralisankar, PS Bhavan, S Radhakrishnan…","The effect of copper nanoparticles supplementation on freshwater prawn Macrobrachium rosenbergii post larvae",2016,"Journal of Trace …","not fish",NA
"TJ Marjomäki, T Keskinen, J Karjalainen","The potential ecologically sustainable yield of vendace (Coregonus albula) from large Finnish lakes",2016,"Hydrobiologia","no SGR",NA
"Z Sharawy, AMAS Goda, MS Hassaan","Partial or total replacement of fish meal by solid state fermented soybean meal with Saccharomyces cerevisiae in diets for Indian prawn shrimp …",2016,"Animal Feed Science and …","not fish",NA
"KS Ojha, JP Kerry, C Alvarez, D Walsh…","Effect of high intensity ultrasound on the fermentation profile of Lactobacillus sakei in a meat model system",2016,"Ultrasonics …","not fish",NA
"P Paul, A Rahman, MM Hossain, S Islam…","Effect of stocking density on the growth and production of freshwater prawn (Macrobrachium rosenbergii)",2016,"… Journal of Fisheries …","not fish",NA
"C Pinheiro, J Azevedo, A Campos, V Vasconcelos…","The interactive effects of microcystin-LR and cylindrospermopsin on the growth rate of the freshwater algae Chlorella vulgaris",2016,"Ecotoxicology","not fish",NA
"JRP Labrador, RC Guiñares…","Effect of garlic powder-supplemented diets on the growth and survival of Pacific white leg shrimp (Litopenaeus vannamei)",2016,"Cogent Food & …","not fish",NA
"R Jannathulla, JS Dayal, V Chitra, K Ambashankar…","Growth and carcass mineralisation of Pacific white leg shrimp Penaeus vannamei Boone 1931 in response to water salinity",2017,NA,"not fish",NA
"K Felcmanová, M Lukeš, E Kotabová, E Lawrenz…","Carbon use efficiencies and allocation strategies in Prochlorococcus marinus strain PCC 9511 during nitrogen-limited growth",2017,"Photosynthesis …","not fish",NA
"M Islam","Growth performance and proximate composition of Nile Tilapia Oreochromis niloticus (Linnaeus 1758) using Moina macrocopa (Straus 1820) as live feed",2017,NA,"no access","may not be peer-reviewed"
"CN Payung, RA Tumbol…","Dietary ginger (Zingiber officinale) enhance resistance of Nile tilapia (Oreochromis niloticus) against Aeromonas hydrophila",2017,"… Aquarium, Conservation & …","no SGR eqn",NA
"O Safari, M Paolucci","Effects of dietary onion (Allium cepa) powder on growth performance, hemolymph indices and fillet organoleptic properties of juvenile narrow-clawed crayfish, Astacus …",2017,"Aquaculture Nutrition","not fish",NA
"CL Ayisi, X Hua, A Apraku, G Afriyie, BA Kyei","Recent studies toward the development of practical diets for shrimp and their nutritional requirements",2017,"HAYATI Journal of …","not fish",NA
"F Mao, Y He, A Kushmaro, KYH Gin","Effects of benzophenone-3 on the green alga Chlamydomonas reinhardtii and the cyanobacterium Microcystis aeruginosa",2017,"Aquatic toxicology","not fish",NA
"L Zhao, W Wang, X Huang, T Guo, W Wen…","The effect of replacement of fish meal by yeast extract on the digestibility, growth and muscle composition of the shrimp Litopenaeus vannamei",2017,"Aquaculture …","not fish",NA
"LTT Trinh, I Bakke, O Vadstein","Correlations of age and growth rate with microbiota composition in Atlantic cod (Gadus morhua) larvae",2017,"Scientific reports","no SGR eqn",NA
"E Awad, A Awaad","Role of medicinal plants on growth performance and immune status in fish",2017,"Fish & shellfish immunology","no SGR eqn",NA
"J Cerezo Valverde, MD Hernández…","Development of low-lipid formulated feeds with different protein/energy ratios for Octopus vulgaris ongrowing",2017,"Aquaculture …","not fish",NA
"A Richmond","Cell response to environmental factors",2017,"Handbook of Microalgal Mass Culture (1986 …","not fish",NA
"AJ Jensen, B Finstad, P Fiske","Evidence for the linkage of survival of anadromous Arctic char and brown trout during winter to marine growth during the previous summer",2017,"Canadian Journal of Fisheries …","used mass-specific SGR",NA
"K Fukuda, H Manabe, M Sakurai, S Dewa…","Monogamous mating system and sexuality in the gobiid fish, Trimma marinae (Actinopterygii: Gobiidae)",2017,"Journal of ethology","no SGR",NA
"V Nita, M Nenciu","Using the recirculating technology in a pilot-system for mariculture at the Romanian Black Sea coast",2017,"Journal of Environmental Protection and …","no SGR",NA
"AL Allman, EP Williams, AR Place","Growth and enzyme production in blue crabs (Callinectes sapidus) fed cellulose and chitin supplemented diets",2017,"Journal of Shellfish Research","not fish",NA
"S Taheri, M Banaee, BN Haghi…","Evaluation of nephrotoxic effects of aflatoxins on common carp (Cyprinus carpio)",2017,"Iranian Journal of …","no SGR",NA
"A Samaras, M Pavlidis, K Lika…","Scale matters: performance of European sea bass, Dicentrarchus labrax, L. (1758), reared in cages of different volumes",2017,"Aquaculture …","no SGR eqn",NA
"A Kokkalis, AM Eikeset, UH Thygesen…","Estimating uncertainty of data limited stock assessments",2017,"ICES Journal of …","no SGR",NA
"Y Su, E Hu, M Feng, Y Zhang, F Chen, Z Liu","Comparison of bacterial growth in response to photodegraded terrestrial chromophoric dissolved organic matter in two lakes",2017,"Science of The Total …","not fish",NA
"B Sadoul, O Birceanu, N Aluru, JK Thomas…","Bisphenol A in eggs causes development-specific liver molecular reprogramming in two generations of rainbow trout",2017,"Scientific reports","no SGR",NA
"S Kumar, J Sándor Zs, Z Nagy, G Fazekas…","Potential of processed animal protein versus soybean meal to replace fish meal in practical diets for European catfish (Silurus glanis): growth response and liver gene …",2017,"Aquaculture …","no SGR",NA
"Z Dubinsky","Productivity of algae under natural conditions",2017,"Handbook of Microalgal Mass Culture (1986)","not fish",NA
"P Tan, X Dong, H Xu, K Mai, Q Ai","Dietary vegetable oil suppressed non-specific immunity and liver antioxidant capacity but induced inflammatory response in Japanese sea bass (Lateolabrax …",2017,"Fish & shellfish immunology","no SGR",NA
"QP Fitzgibbon, CJ Simon, GG Smith, CG Carter…","Temperature dependent growth, feeding, nutritional condition and aerobic metabolism of juvenile spiny lobster, Sagmariasus verreauxi",2017,"… and Physiology Part A …","not fish",NA
"E Zhang, S Dong, F Wang, X Tian, Q Gao","Effects of l-tryptophan on the growth, intestinal enzyme activities and non-specific immune response of sea cucumber (Apostichopus japonicus Selenka) …",2018,"Fish & shellfish immunology","not fish",NA
"AO Sotolu, EO Faturoti","Growth performance and haematology of Clarias gariepinus (Burchell, 1822) fed varying inclusions of Leucaena leucocephala seed meal based-diets| Evaluación del …",2018,"UDO Agrícola","no access",NA
"S Cho, J Kim, S Kim, SS Lee","Nitrogen and phosphorus treatment of marine wastewater by a laboratory-scale sequencing batch reactor with eco-friendly marine high-efficiency sediment",2018,"Environmental technology","not fish",NA
"J Dong, R Cheng, Y Yang, Y Zhao, G Wu…","Effects of dietary taurine on growth, non-specific immunity, anti-oxidative properties and gut immunity in the Chinese mitten crab Eriocheir sinensis",2018,"Fish & shellfish …","not fish",NA
"S Sarani","Effect of dietary probiotic protexin on the growth parameters, survival and immune status of Schizothorax zarudnyi juveniles",2018,NA,"no access",NA
"A Zamani, A Moafi","Effect of Replacement of Fish Oil by Grape Seed Oil on Growth Indices and Protease Enzymes Activity in Oncorhynchus mykiss",2018,"Fisheries Science and Technology","not English",NA
"A De Cesare, S Vitali, GT Tessema, M Trevisani…","Modelling the growth kinetics of Listeria monocytogenes in pasta salads at different storage temperatures and packaging conditions",2018,"Food …","not fish",NA
"M Liu, H Yin, X Chen, J Yang, Y Liang, J Zhang, F Yang…","Preliminary ecotoxicity hazard evaluation of DOPO-HQ as a potential alternative to halogenated flame retardants",2018,"Chemosphere","not fish",NA
"AA Bischoff, M Lutz, BH Buck","Juvenile turbot (Scophthalmus maximus L., 1758) farmed in a modern low-water exchange RAS device: Growth performance using different diets and its commercial …",2018,"Journal of applied aquaculture","no access",NA
"J Xiong, M Jin, Y Yuan, JX Luo, Y Lu…","Dietary nucleotide-rich yeast supplementation improves growth, innate immunity and intestinal morphology of Pacific white shrimp (Litopenaeus vannamei)",2018,"Aquaculture …","not fish",NA
"CY Ratucoreh, B Retnoaji","The growth and histology structure of Indonesian eel (Anguilla bicolor bicolor McClelland, 1844) fed with microalgae",2018,"AIP Conference Proceedings","not peer-reviewed",NA
"A El-Sebai, AEH El-Murr, AAA Galal…","EFFECT OF GINGER DIETARY SUPPLEMENTATION ON GROWTH PERFORMANCE, IMMUNE RESPONSE AND VACCINE EFFICACY IN Oreochromis niloticus …",2018,"Veterinary Medicine In …","no SGR eqn",NA
"P Stathopoulou, P Berillis, E Levizou…","AQUAPONICS: A MUTUALLY BENEFICIAL RELATIONSHIP OF FISH, PLANTS AND BACTERIA",2018,NA,"not peer-reviewed",NA
"BE INANAN, A Ümit, T INANAN","Chemical Composition Of Root Parts Of Ferula Elaeochytris Korov. And Its Food-Borne Effects On Growth Of Goldfish (Carassius auratus L.)",NA,"Uluslararasi Tarim ve Doga Bilimleri …","no access",NA
"S Suwarsito, C Purbomartono","The effect of use of tofu dregs fermented on feed efficiency and growth of African cat fish (Clarias gariepinus)",2018,"IOP Conference Series: Materials …","not peer-reviewed",NA
"K SPALVINS, D BLUMBERGA","Production of Fish Feed and Fish Oil from Waste Biomass Using Microorganisms: Overview of Methods Analyzing Resource Availability",2018,"Energy Procedia","no SGR",NA
"NN Gabriel, E Omoregi, T Martin, L Kukuri…","Compensatory Growth Response in Oreochromis mossambicus Submitted to Short-Term Cycles of Feed Deprivation and Refeeding",2018,"Turkish Journal of …","no SGR eqn",NA
"NA Gafar, BD Eyre, KG Schulz","A conceptual model for projecting coccolithophorid growth, calcification and photosynthetic carbon fixation rates in response to global ocean change",2018,"Frontiers in Marine Science","not fish",NA
"M Gophen","Ecophysiology of Lake Kinneret (Israel) Zooplankton",2018,"Ecological Research in the Lake Kinneret and Hula …","not fish",NA
"DR Barneche, AP Allen","The energetics of fish growth and how it constrains food-web trophic structure",2018,"Ecology letters","no SGR",NA
"MVS Couto, NC Sousa, HA Abe, JAR Dias…","Effects of live feed containing Panagrellus redivivus and water depth on growth of Betta splendens larvae",2018,"Aquaculture …","no SGR eqn",NA
